{
  "format_version": "1.20.30",
  "minecraft:item": {
    "description": {
      "menu_category": {
        "category": "items",
        "group": "itemGroup.name.enchantedBook"
      },
      "identifier": "nxzott:ench"
    },
    "components": {
      "minecraft:max_stack_size": {
        "value": 1
      },
      "minecraft:glint": {
        "value": true
      },
      "minecraft:icon": {
        "texture": "book_enchanted"
      },
      "minecraft:display_name": {
        "value": "§d%item.book.name\n§7More Enchant Level"
      }
    }
  }
}